"Num features","BT+HMO+MCF","BT+HMO+MVW","BT+HTC+MCF","BT+HTC+MVW","BT+HMO+MHV","BT+HTC+MHV","B&B+HTC+MHV","BestFS+HTC+MHV","B&B+HTC+MCF","BestFS+HTC+MCF","B&B+HTC+MVW","BestFS+HTC+MVW","B&B+HMO+MCF","BestFS+HMO+MCF","B&B+HMO+MHV","BestFS+HMO+MHV","B&B+HMO+MVW","BestFS+HMO+MVW"
"1000-OPTIONALS","0.10521141711633164","0.07587674394699795","0.07509853252324794","0.07757235365599915","0.1384072236556343","0.19323947445566284","0.16952263152466898","0.1643094466867697","0.07577012327583943","0.0656329231136476","0.09485354904432314","0.08928943601912126","0.10955026155664617","0.055964166477615596","0.12419379947590206","0.12656254861174218","0.11440250554116188","0.07286652729895533"
"1000-NORMAL","0.06055571105772844","0.06627706415629356","0.058612127027726876","0.04003074142542155","0.15537376752312668","0.11818091355542587","0.100494974261153","0.1024904160968745","0.038411223723034876","0.0371314327482137","0.061016002304851144","0.04850759041397955","0.1680007858412833","0.17326927914103993","0.16142211820740482","0.17670844452460935","3.4955947058668113","4.2427762389167984"
"1000-CARDINALITY","0.031106174775711398","0.040233586089932265","0.04679635185422876","0.0424498868530052","0.08529381558363376","0.17010171710277222","0.14004199829200156","0.09149826166708687","0.031283690933382124","0.05716564292142052","0.030669990219356128","0.05444802575639775","0.6745664825123169","0.6031422752107852","0.21673496167015072","0.2117398397024075","5.076372794187428","5.637041197755783"
"1000-CARDINALITY+CTC0.147","0.05225267220499249","0.04630245979848398","0.04036888480974323","0.031024048313548217","0.1390265602668144","0.1374014076046681","0.13390616573874134","0.12787670558070294","0.043945629753885614","0.030160418526199235","0.06267570522248249","0.048554246544784956","0.25082758422762474","0.22695220566001045","0.20781786873794555","0.1930339546770587","2.160254973145809","1.8476850536950982"
"1000-CARDINALITY+CTC0.147+IR0.9","0.046643463052895524","0.05185674452389242","0.047859315628935584","0.057227243059459976","0.1120688130147651","0.11051723165416763","0.14163059894050184","0.14060488824352613","0.29552568924896494","0.24912798854623303","0.11330194997662092","0.08879966599958006","0.6012497018538143","0.5950044999847185","0.322870612612111","0.30575306481797715","0.36121509523844597","0.27312195695435676"
